,URL,Email
0,https://www.diamondwipes.com,  new1076_1bb1a098-b9e0-4615-bffe-01cc3d7fbb97_250x250@2x.png  retail@mobile-2x-8a8622e65eba2c783fb1302eef00724b35144cc994511bc0b634899844dee7a1.jpg  testimonials-cee-cees-closet@desktop-2x-ea563191011503e12d8fae8d1564d788e074f02ae2a62f1ef74574fc22ba06eb.jpg  new_F2597_jpg_250x250@2x.png  logo_credentials_certified_wbenc-aeb0eb7f79ee8cce20c51f5b6948de4a_160x160@2x.png  logo_credentials_green_power-543387e5d863471c44aab9e601cfb064_160x160@2x.png  writing@desktop-c4e844f56afc444b86e4a6fb621a55ade85f8500eb695f77176d64aec50921d5.jpg  super_uber_body_wipes_u2_600x600@2x.jpg  hero_wipes_u2_600x600@2x.jpg  logo_credentials_usa-dce6f7057d4e46261bec2c7bc8c2ef6e_160x160@2x.png  logo_5ee740e1-01ed-440e-befa-5099172856f9_230x@2x.png  team@myherowipes.com  wipes_consumer_u2_480x480@2x.jpg  testimonials-cee-cees-closet@mobile-2x-362575fee83c3dc3a62236c35dc514ed630840fedb00e625b554a60c166675f2.jpg  New_6310_250x250@2x.png  81OYj-syArL._SX522_345x345@2x.jpg  81OYj-syArL._SX522_455x300@2x.jpg  DSC_6750_new_600x@2x.jpg  IMG_20190712_163848_250x250@2x.jpg  DSC_6750_new_767x@2x.jpg  retail@mobile-3ad8f96bde743b11dbe58c3e2a46e2f2606efd1bd616cd797867ae7dad64ab08.jpg  logo_credentials_fsc-ffc08c1050ea8f36967e83a57db821a1_160x160@2x.png  new1283P_250x250@2x.png  new5324_250x250@2x.png  New_2600_250x250@2x.png  wipes_retailer_u2_480x480@2x.jpg  71mVcBpXSfL._SX522_455x300@2x.jpg  writing@mobile-2x-58a09b2fcac889c92e601f811bff210d2736b6771b0f67dd3624cbb22bf877ac.jpg  writing@desktop-2x-85d045b6968babb437d694b615d5ea1f9684cd12bfd1b783a91315e61296eb7f.jpg  testimonials-cee-cees-closet@tablet-b318266ab74cd9d53689ac548b3aba08f98d9c4f381e6d8e22a1f0e5337f1d51.jpg  day_cream_250x250@2x.png  FG180-water-1_250x250@2x.png  logo_credentials_rain_forrest_alliance_certified-d4b825fdea74570c919ceda17f748cba_160x160@2x.png  AF43C8B1-CEA7-44AD-8377-36DF2E54E938_345x345@2x.jpeg  wipes_contact_us_u2_480x480@2x.jpg  diamond_logo_250x180_a5328b86-f54b-458f-b27b-c25a881a9dee_125x@2x.png  oshibori_u2_600x600@2x.jpg  wipes_hero_wipes_u2b_480x480@2x.jpg  AF43C8B1-CEA7-44AD-8377-36DF2E54E938_455x300@2x.jpeg  writing@mobile-f013f9837f83fac576bfd872aaff0a634fda9bf7736f11d9d0ee3bb365953081.jpg  retail@desktop-2x-6a496318b27bfff0b1800ae030cdb60abaf58be8a720a162c6825123a68ac687.jpg  71mVcBpXSfL._SX522_345x345@2x.jpg  perfect_plate_u2_600x600@2x.jpg  ask@diamondwipes.com  0829_250x250@2x.jpg  testimonials-cee-cees-closet@mobile-6be8c8bdd9ed52081e05fe20e68c51de1ecb065098afd24e1ddd3f36dad381d2.jpg  Logo_6e793959-6ea1-4e54-9faf-f3b7b23e2256_177x@2x.png  DSC_6750_new_1024x@2x.jpg  cs@diamondwipes.com  new1915_cd7ede98-21c2-429a-9962-a28e79ccc8ed_250x250@2x.png  retail@desktop-cc06e0fdc642faad2dd37d73ee45cd31519a1f870625c8e60635cb1a0fe29210.jpg  logo_credentials_usda_organic_certified-8245d15b60c297a9463be2926e6a57b2_160x160@2x.png  testimonials-cee-cees-closet@tablet-2x-5aebd794048371c2f36107d347b11e0768db85d9e5474a5b302624a7dae3123e.jpg  testimonials-cee-cees-closet@desktop-de8bba0c2c717f2f85c67cb2d929e7dbff3232fa77da17a2a25d8c051d87998a.jpg  night_cream_250x250@2x.png
1,https://www.albaad.com/global-manufacturing,
2,https://www.tosama.si/en/izdeki-in-blagovne-znamke,  info@tosama.si  internet.trgovina@tosama.hr  spletna.trgovina@tosama.si  Internet.trgovina@tosama.hr
3,https://www.firstquality.com,
4,https://tampax.com/en-us/our-responsible-manufacturing,
5,https://tampax.com/en-us/our-responsible-manufacturing,
6,https://www.kimberly-clark.com/en/brands/feminine-care,  triplet_mommy_2017@yahoo.com
7,https://www.thomasnet.com/products/feminine-care-products-96007059-1.html,
8,https://www.anthemusb.com/,  sales@anthemusb.com  info@anthemusb.com
9,https://www.anthemusb.com/who-we-are/,  sales@anthemusb.com  info@anthemusb.com
10,https://fashionista.com/2017/06/private-label-beauty-products-cosmetics,
11,https://www.guyandoneill.com/private-label-personal-care,  hr@guyandoneill.com
12,http://formulacorp.com/personal-care-retail-products/private-label-personal-care-products/,
13,https://www.happi.com/contract-manufacturing-private-label-directory/personal-care-products,  username@example.com  flickr@2x.png
14,https://meniconnect.co.jp/english/oem/,
15,http://www.yifashionbaby.com/faq/oem-odm-diapers,
16,http://www.nsspcare.com/index/incx/index.aspx?lang=en,  export@nssp.biz  emma@nssp.biz  info@phoenixsoft.cn
17,http://www.chiausdiapers.com/about,  youtube@2x.png  sales@chiaus.com  robin@chiaus.com  1@2x.png
18,https://www.chinasanitarynapkin.com/baby-diaper.html,
19,http://www.bonitabebe.com/camera-brand-oem-washable-baby-cloth-diaper_p226.html,  sean@bonita-intl.com
20,https://www.alvababy.com/-ezp-67.html,  mooncse11@gmail.com
21,http://www.hbruisite.com/view.asp?id=28,  admin@hbruisite.com
22,https://www.nicedayglobal.com/brand-of-oem-odm-cheap-soft-and-breathable-dry-baby-diapers,  yana@everyniceday.com
