,keyword
0,['vets near me']
1,['dog daycare']
2,['emergency vet near me']
3,['dog daycare near me']
4,['bridal makeup']
5,['cat sitting']
6,['cosmetics store']
7,['1920s makeup']
8,['the cosmetics company store']
9,['dog vet near me']
10,['affordable pet care']
11,['best friends animal hospital']
12,['dog vet']
13,['care animal hospital']
14,['affordable vet']
15,['egyptian makeup']
16,['pet daycare']
17,['patrick star makeup']
18,['50s makeup']
19,['exotic animal vet']
20,['miss a makeup']
21,['aoa makeup']
22,['glam makeup']
23,['bad makeup']
24,['caring hands animal hospital']
25,['indian makeup']
26,['merle norman near me']
27,['affordable animal hospital']
28,['homemade dog shampoo']
29,['1950s makeup']
30,['jerrod blandino']
31,['nyx store']
32,['pet care center']
33,['mac makeover']
34,['animal care hospital']
35,['ispy makeup']
36,['pet shampoo and conditioner']
37,['cosmetic company']
38,['crunchi makeup']
39,['rover pet sitting']
40,['easy makeup']
41,['blue makeup']
42,['cat daycare']
43,['petsmart daycare']
44,['lush cosmetics near me']
45,['advanced pet care']
46,['benefit brow bar macys']
47,['shine cosmetics']
48,['1960s makeup']
49,['veterinary care center']
50,['burgundy makeup']
51,['shiro cosmetics']
52,['dog and cat hospital']
53,['1970s makeup']
54,['meghan markle skin care']
55,['rabbit vet']
56,['lucky dog daycare']
57,['korean skin']
58,['zoetis petcare']
59,['makeup 2018']
60,['1930s makeup']
61,['mac cosmetics pro']
62,['rover dog boarding']
63,['baby shampoo for dogs']
64,['petcare animal hospital']
65,['pet vet animal hospital']
66,['zendaya skin care']
67,['mac dillards']
68,['dog emergency']
69,['dog surgery']
70,['dog day care center']
71,['veterinaire pet care']
72,['benefit brow bar near me']
73,['space makeup']
74,['emergency vet hospital near me']
75,['pet nanny']
76,['best friends pet care disney']
77,['human shampoo on dogs']
78,['best friends pet resort']
79,['toni ko']
80,['day makeup']
81,['benefit brow bar prices']
82,['sheree cosmetics']
83,['pet boarding service']
84,['24 vet near me']
85,['it cosmetics cruelty free']
86,['mexican makeup']
87,['beauty regimen']
88,['best care animal hospital']
89,['veterinary services near me']
90,['vet urgent care']
91,['senior cat']
92,['meow cosmetics']
93,['ewg cosmetics']
94,['thrive pet care']
95,['pet services near me']
96,['homemade skin care']
97,['miss a cosmetics']
98,['dog hospice']
99,['victorian makeup']
100,['dog day camp near me']
101,['basic makeup look']
102,['chicken vet near me']
103,['christmas makeup 2018']
104,['makeup 101']
105,['nikki makeup']
106,['emergency pet care']
107,['latina makeup']
108,['cosmetix']
109,['the cosmetic company']
110,['responsible pet care']
111,['loving care animal hospital']
112,['bunny vet near me']
113,['taking care of a kitten']
114,['holiday makeup 2018']
115,['companion care vets']
116,['fall makeup 2018']
117,['in cosmetics']
118,['emergency dog vet']
119,['affordable vet services']
120,['night makeup']
121,['rat vet near me']
122,['rabbit boarding']
123,['head and shoulders for dogs']
124,['80 makeup']
125,['aoa cosmetics']
126,['reddit asian skincare']
127,['holistic pet care']
128,['vet emergency hospital']
129,['in cosmetics 2019']
130,['homemade flea shampoo for dogs']
131,['pet care services']
132,['bbcosmetic']
133,['fenty beauty cruelty free']
134,['extreme makeup']
135,['rabbit boarding near me']
136,['pet care hospital']
137,['dog urgent care']
138,['pet surgery']
139,['pet urgent care near me']
140,['chi chi makeup']
141,['chi chi cosmetics']
142,['companion pet care']
143,['cat surgery']
144,['petco daycare']
145,['emergency vet care']
146,['best friends kennel']
147,['abby skin care']
148,['affordable pets']
149,['emergency vet cost']
150,['panty liners use']
151,['light eye makeup']
152,['professional pet sitter']
153,['emergency pet care near me']
154,['urgent care vet near me']
155,['disney dog boarding']
156,['cosmetic world']
157,['vetiq petcare']
158,['emergency vet services near me']
159,['kitten care 101']
160,['emergency vet care near me']
161,['low cost pet vet']
162,['top dog daycare']
163,['homemade cat shampoo']
164,['buzzfeed skin care']
165,['homemade dog shampoo for yeast infection']
166,['eye makeup for big eyes']
167,['springbrook animal hospital']
168,['pet care vet']
169,"[""lucy's doggy daycare 1604""]"
170,['affordable veterinary care']
171,['homemade dog shampoo for fleas and ticks']
172,['vet care near me']
173,['vip pet care near me']
174,['jessica alba skin care']
175,['ideal pet care']
176,['dog and cat grooming']
177,['veterinary care near me']
178,['vet boarding']
179,['mac company']
180,['care center vet']
181,['gwen stefani skin care']
182,['palliative care for dogs']
183,['lucky dog boarding']
184,['pet health care']
185,['moi cosmetics']
186,['halle berry skin care']
187,['all animals veterinary hospital']
188,['kitty daycare']
189,['at home veterinary']
190,['skin care dermatologist']
191,['home veterinary care']
192,['dog and cat boarding']
193,['pet vet care']
194,['pet concierge']
195,['dog boarding broken arrow']
196,['small animal hospital near me']
197,['dog end of life']
198,['all animal care']
199,['best friends dog daycare']
200,['disney pet care']
201,['k9 dog daycare']
202,['pet care specialist']
203,['10 step korean']
204,['care for pets']
205,['am pm ideal pet care']
206,['viva pet care']
207,['petco doggy daycare']
208,['disney dog daycare']
209,['bark doggie daycare']
210,['petsmart cat boarding']
211,['affordable vet center']
212,['woof dog daycare']
213,['tea tree and dogs']
214,['best vet clinics near me']
215,['skin esthetician near me']
216,['crave skincare']
217,['pet emergency care']
218,['disney pet boarding']
219,['petcare east']
220,['veterinary emergency center']
221,['24 emergency vet near me']
222,['home sweet home pet care']
223,['exotic pet boarding near me']
224,['vet care center']
225,['thrive affordable pet care']
226,['urgent pet care near me']
227,['cate blanchett skin care']
228,['dog day boarding']
229,['24 hour pet emergency near me']
230,['homemade dog shampoo for odor']
231,['stark skincare']
232,['bird sitter near me']
233,['emma watson skin care']
234,['doggy dare care near me']
235,['vet surgery near me']
236,['pet hospice near me']
237,['heroine makeup']
238,['olivia wilde skin care']
239,['ewg skin care']
240,['petsmart pet boarding']
241,['demi lovato skincare']
242,['zoetis pet care']
243,['24 hour vet care']
244,['caring hands veterinary']
245,['vet care animal hospital']
246,['24 hour veterinary near me']
247,['vip pet care tractor supply']
248,['pet care center near me']
249,['average price for dog sitting']
250,['my dogs daycare']
251,['dog x ray near me']
252,['skin care forum']
253,['pet and home care']
254,['care emergency vet']
255,['disney world dog boarding']
256,['companion vet hospital']
257,['natural vet near me']
258,['olivia culpo skincare']
259,['bunny boarding near me']
260,['care a lot boarding']
261,['peace of mind pet sitting']
262,['jaggers doggie daycare']
263,['pet care center at luna park']
264,['dakotahs doggy daycare']
265,['disney world pet boarding']
266,['rover dog care']
267,['no place like home pet sitting']
268,['end of life care for dogs']
269,['doggy day cares near me']
270,['parker pet care']
271,['adriana lima skin care']
272,['tractor supply vip pet care']
273,['all valley animal hospital']
274,['24hr emergency vet near me']
275,['top dog boarding']
276,['meadowrun affordable pet care']
277,['petcare extraordinaire']
278,['elderly cat care']
279,['mario badescu owner']
280,['emergency pet care of round rock']
281,['pet sitting to the max']
282,['emergency vet visit cost']
283,['holistic skincare']
284,['sonora pet care']
285,['pet care center slauson']
286,['dog valley daycare']
287,['senior cat care']
288,['rabbit doctor']
289,['veterinary urgent care near me']
290,['people shampoo on dogs']
291,['avc animal hospital']
292,['general animal hospital']
293,['chrissy teigen skincare']
294,['dog grooming and boarding']
295,['just like home dog boarding']
296,['24 hour pet care']
297,['petcare west']
298,['a better way pet care']
299,['dog urgent care near me']
300,['custom care kennel']
301,['skincare youtubers']
302,['affordable care animal hospital']
303,['best pet care']
304,['wet noses pet sitting']
305,"[""trader joe's skincare reddit""]"
306,['irina shayk skin care']
307,['affordable pet care broken arrow']
308,['caring for a dog with hydrocephalus']
309,['24 7 veterinary hospital']
310,['korean skincare reddit']
311,['mac south africa']
312,['while you were out pet sitting']
313,['24 hour emergency dog']
314,['the pet care center']
315,['dog boarding milton']
316,['veterinary emergency care']
317,['affordable pet care grissom']
318,['budget vet care']
319,['rancho animal hospital']
320,['pine ridge animal hospital']
321,['palliative care for cats']
322,['urgent vet near me']
323,['all care animal']
324,['complete pet care animal hospital']
325,['uptown dog daycare']
326,['24 hour dog vet near me']
327,['makeup pro store']
328,['diy feminine wipes']
329,['best care vet']
330,['rabbit sitters near me']
331,['on the move pet care']
332,['best friends dog care']
333,['just for cats pet sitting']
334,['regular shampoo on dogs']
335,['average vet costs for cats']
336,['homemade flea bath for dogs']
337,['julianne moore skin care']
338,['angelina jolie skin care company']
339,['rabbit hospital near me']
340,['24 hour emergency cat']
341,['top skin care companies']
342,['korean ten step']
343,['pet healthcare']
344,['almost home dog boarding']
345,['best friends dog kennel']
346,['animal pet care']
347,['rabbit specialist vet']
348,['heidi klum skin care']
349,['home sweet home pet sitting']
350,['best friends vet care']
351,['baileys pet care']
352,['sit and stay pet sitting']
353,['pet care veterinary center']
354,['make up korea']
355,['buzzfeed korean skincare']
356,['curo pet care']
357,['lionesse skin care dr oz']
358,['cat care center']
359,['gisele bundchen skin care']
360,['ferret veterinary care near me']
361,['korean skin care reddit']
362,['pet surgery cost']
363,['woman inserting tampon']
364,['feminine hygiene in the 1800s']
365,['petsmart daycare price']
366,['beauty and care']
367,['proper feminine hygiene']
368,['cat caretaker']
369,['complete care vet']
370,['summer makeup 2018']
371,['hot diggity pet sitting']
372,['wash dog with human shampoo']
373,['puppy and kitten care']
374,['24 hr emergency vet near me']
375,['hygiene essentials']
376,['helping hands affordable vet surgery']
377,['alpha dog boarding']
378,['homemade anti aging skin care']
379,['beauty & care']
380,['lucy hale skin care']
381,['cat feeding services near me']
382,['head and shoulders dog allergies']
383,['wash dog with baby shampoo']
384,['best mascara 2017']
385,['make up india']
386,['personal care items list']
387,['care and beauty']
388,['dog sitting prices per hour']
389,['companion vet care']
390,['pet care express 43rd']
391,['good hygiene for females']
392,['boots makeup sets']
393,['nonantimicrobial soap']
394,['vice cosmetics lip tint shades']
395,['head and shoulders dog yeast']
396,['women changing tampons']
397,['jun ji hyun skincare']
398,['best dog shampoo reddit']
399,['dog ate shampoo']
400,['mac free lipstick day 2018']
401,['dawn dish soap dog shampoo']
402,['dry skin care in winter']
403,['ultimate pet care']
404,['head and shoulders safe for dogs']
405,['beauty care shop']
406,['oatmeal and baking soda bath for dogs']
407,['panty liners online']
408,['wearing panty liners']
409,['paw pals daycare']
410,['types of hand hygiene']
411,['normal shampoo on dogs']
412,['top feminine hygiene companies']
413,['brill hygienic products inc']
414,['best feminine wash for bad odor']
415,['abhr hand hygiene']
416,['head and shoulders dog mange']
417,['dog e daycare']
418,['types of hand washing products']
419,['out of dog shampoo']
420,['argan oil safe for dogs']
421,['homemade dog shampoo with dawn']
422,['hygiene items list']
423,['dove shampoo on dogs']
424,['human shampoo on shih tzu']
425,['my dog ate shampoo']
426,['feminine hygiene companies']
427,['n3 skincare']
428,['feminine hygiene 101']
429,['abhr hand washing']
430,['human shampoo on poodles']
431,['concordia pet care']
432,['oatmeal baking soda bath for dogs']
433,['pantene on dogs']
434,['tampon lady']
435,['hygiene essentials list']
436,['homemade flea wash for dogs']
437,['homemade dog shampoo baking soda']
438,['intimate wash use']
439,['pulvex dog shampoo']
440,['david jones skin care']
441,['wearing panty liners daily']
442,['washroom hygiene products']
443,['personal hygiene companies']
444,['sanitation and personal hygiene items']
445,['foot hygiene cream']
446,['woman with tampon']
447,['pet care centre near me']
448,['cat care community']
449,['pantyliner use']
450,['gidea skin care']
451,['hand hygiene alcohol based hand rub']
452,['hand wash alcohol']
453,['pink hygiene solutions']
454,['nosotras pantiliners']
455,['hand hygiene products in hospitals']
456,['the use of panty liners']
457,['requal dog shampoo']
458,['sanitary towel disposal bins']
459,['chitocure dog shampoo']
460,['boots feminine hygiene']
461,['unicare hygienic products']
462,['oakwood dog shampoo']
463,['bone a fide dog shampoo']
